시도,시군구,기준년도,2018,2018,2018,2018,2018,2018,2018,2018,2018,2018,2018,2018,2018
시도,시군구,기준년도,합계,01월,02월,03월,04월,05월,06월,07월,08월,09월,10월,11월,12월
합계,합계,발생건수,1228129,104972,98907,92752,96085,99868,95760,104648,101867,102348,111986,110426,108510
합계,합계,사망자수,3781,304,275,310,303,309,266,315,357,348,373,298,323
합계,합계,부상자수,1935008,162815,157347,143083,149670,157771,149128,166304,165021,168066,175669,172131,168003
서울,합계,발생건수,217598,18934,17626,16485,17092,17984,17239,18600,18064,17617,19613,19211,19133
서울,합계,사망자수,304,30,28,28,24,22,21,29,27,20,21,30,24
서울,합계,부상자수,318192,27599,26031,23805,24700,26308,25208,27277,26860,26350,28582,27610,27862
서울,종로구,발생건수,5512,462,414,441,453,468,439,441,443,447,532,495,477
서울,종로구,사망자수,6,0,1,0,0,1,1,0,0,1,0,1,1
서울,종로구,부상자수,7842,627,575,634,639,675,649,633,636,634,784,703,653
서울,중구,발생건수,6204,529,499,518,504,530,465,476,481,481,599,554,568
서울,중구,사망자수,9,1,2,1,1,1,0,0,1,0,0,1,1
서울,중구,부상자수,8584,718,689,717,740,732,621,685,646,692,800,754,790
서울,용산구,발생건수,7544,602,590,578,639,666,605,635,642,590,697,626,674
서울,용산구,사망자수,14,3,1,0,0,2,3,1,1,1,1,0,1
서울,용산구,부상자수,11262,904,879,857,904,998,898,905,1004,902,1088,895,1028
서울,성동구,발생건수,7980,682,719,605,611,642,634,698,637,612,732,699,709
서울,성동구,사망자수,9,3,0,2,0,0,1,1,0,1,0,1,0
서울,성동구,부상자수,11548,975,1061,853,885,965,911,992,914,928,1047,1000,1017
서울,동대문구,발생건수,6720,629,505,501,508,576,548,587,568,542,574,637,545
서울,동대문구,사망자수,14,0,1,3,2,0,1,0,0,2,2,2,1
서울,동대문구,부상자수,8989,843,666,656,661,820,717,756,777,733,739,880,741
서울,성북구,발생건수,6696,680,609,503,496,536,523,537,510,538,587,581,596
서울,성북구,사망자수,14,0,2,1,1,0,2,0,2,1,3,0,2
서울,성북구,부상자수,9540,956,907,691,715,756,735,780,774,778,808,782,858
서울,도봉구,발생건수,4176,376,325,296,309,362,325,347,357,362,393,376,348
서울,도봉구,사망자수,6,0,1,0,0,1,1,1,0,0,2,0,0
서울,도봉구,부상자수,5929,543,471,415,423,492,452,468,501,521,564,559,520
서울,은평구,발생건수,6015,515,502,429,463,516,494,472,535,540,520,494,535
서울,은평구,사망자수,12,1,1,1,1,0,0,1,1,3,1,0,2
서울,은평구,부상자수,8709,735,775,593,632,742,690,710,779,814,732,717,790
서울,서대문구,발생건수,5384,432,454,418,399,454,420,483,394,452,457,539,482
서울,서대문구,사망자수,5,0,1,0,2,2,0,0,0,0,0,0,0
서울,서대문구,부상자수,7967,634,704,594,596,676,612,722,544,683,669,807,726
서울,마포구,발생건수,11479,998,993,830,880,943,955,971,900,966,1082,999,962
서울,마포구,사망자수,11,0,1,1,1,3,0,0,2,0,2,1,0
서울,마포구,부상자수,17479,1528,1535,1250,1347,1445,1481,1494,1428,1485,1621,1430,1435
서울,강서구,발생건수,11609,1035,989,877,879,881,929,1008,1027,956,1014,960,1054
서울,강서구,사망자수,11,3,0,0,0,1,2,0,2,1,0,0,2
서울,강서구,부상자수,17491,1582,1476,1319,1358,1364,1428,1491,1521,1480,1516,1416,1540
서울,구로구,발생건수,8158,670,725,590,641,651,652,706,643,666,736,708,770
서울,구로구,사망자수,13,3,1,0,1,0,0,1,1,1,0,2,3
서울,구로구,부상자수,11810,993,1076,856,912,946,935,1015,966,952,1031,1000,1128
서울,영등포구,발생건수,12166,1071,1005,905,929,959,944,982,1023,1058,1080,1070,1140
서울,영등포구,사망자수,22,2,3,2,1,2,1,2,3,1,3,2,0
서울,영등포구,부상자수,18298,1598,1511,1345,1351,1468,1415,1451,1595,1704,1567,1561,1732
서울,동작구,발생건수,7719,600,609,545,645,614,592,656,697,655,724,720,662
서울,동작구,사망자수,9,1,2,0,3,1,1,1,0,0,0,0,0
서울,동작구,부상자수,11098,833,893,768,926,912,856,949,961,942,1066,1020,972
서울,관악구,발생건수,7968,681,649,548,653,691,687,654,698,617,741,688,661
서울,관악구,사망자수,8,1,0,2,0,0,0,0,3,1,0,0,1
서울,관악구,부상자수,11126,963,867,722,929,947,929,940,995,881,1075,958,920
서울,강남구,발생건수,22645,2269,1778,1790,1761,1812,1729,1965,1929,1654,1946,2030,1982
서울,강남구,사망자수,20,1,1,3,1,0,0,2,3,2,2,2,3
서울,강남구,부상자수,33195,3266,2681,2615,2575,2602,2539,2920,2832,2485,2823,2943,2914
서울,강동구,발생건수,7507,564,530,583,630,589,625,686,645,619,713,657,666
서울,강동구,사망자수,12,1,1,2,2,1,0,2,0,0,0,3,0
서울,강동구,부상자수,11024,801,801,820,893,871,921,1053,1001,943,1050,923,947
서울,송파구,발생건수,13474,1103,948,1035,1189,1116,1141,1236,1094,1027,1208,1198,1179
서울,송파구,사망자수,27,4,2,2,4,2,2,5,2,0,1,3,0
서울,송파구,부상자수,19483,1600,1385,1497,1721,1594,1644,1802,1636,1455,1704,1697,1748
서울,서초구,발생건수,17931,1560,1516,1366,1358,1465,1358,1554,1456,1498,1624,1584,1592
서울,서초구,사망자수,18,1,2,1,1,3,0,1,1,4,0,2,2
서울,서초구,부상자수,27926,2332,2440,2077,2043,2248,2127,2461,2330,2407,2618,2426,2417
서울,양천구,발생건수,9289,771,777,730,679,797,759,828,767,728,882,831,740
서울,양천구,사망자수,11,0,1,1,0,1,1,1,0,1,1,3,1
서울,양천구,부상자수,13756,1226,1123,1079,1003,1183,1110,1218,1168,1097,1297,1181,1071
서울,중랑구,발생건수,6152,480,483,467,457,553,502,539,494,537,558,529,553
서울,중랑구,사망자수,10,1,1,3,0,1,0,0,2,0,0,2,0
서울,중랑구,부상자수,8712,698,658,643,636,766,760,748,716,810,782,729,766
서울,노원구,발생건수,7886,753,591,575,619,664,603,639,628,658,710,708,738
서울,노원구,사망자수,14,2,1,1,1,0,4,2,1,0,1,1,0
서울,노원구,부상자수,11714,1139,887,892,880,1010,876,973,946,988,1045,1000,1078
서울,광진구,발생건수,6939,595,546,492,563,605,535,611,612,566,629,606,579
서울,광진구,사망자수,10,1,0,1,0,0,0,3,1,0,0,1,3
서울,광진구,부상자수,9795,838,757,688,786,830,778,856,884,800,919,854,805
서울,강북구,발생건수,4373,386,372,355,334,390,326,362,386,344,355,375,388
서울,강북구,사망자수,13,0,2,1,1,0,1,3,1,0,2,1,1
서울,강북구,부상자수,6046,539,491,486,456,545,450,519,551,474,476,508,551
서울,금천구,발생건수,6072,491,498,508,493,504,449,527,498,504,520,547,533
서울,금천구,사망자수,6,1,0,0,1,0,0,2,0,0,0,2,0
서울,금천구,부상자수,8869,728,723,738,689,721,674,736,755,762,761,867,715
부산,합계,발생건수,71028,5891,5337,5857,5679,5894,5654,6186,5882,5987,6039,6332,6290
부산,합계,사망자수,123,10,9,15,12,11,6,14,9,13,13,4,7
부산,합계,부상자수,107287,8819,8167,8686,8528,9110,8399,9542,9089,9289,9006,9340,9312
부산,중구,발생건수,1766,161,114,129,147,169,155,131,154,165,151,132,158
부산,중구,사망자수,3,0,0,0,1,0,0,0,0,1,1,0,0
부산,중구,부상자수,2558,232,157,183,206,225,198,223,271,231,219,195,218
부산,서구,발생건수,1995,169,157,181,135,164,179,166,154,167,170,183,170
부산,서구,사망자수,6,1,0,1,0,1,0,0,0,1,2,0,0
부산,서구,부상자수,2939,265,238,292,185,252,271,229,223,220,266,250,248
부산,동구,발생건수,2505,224,177,201,182,216,224,200,212,232,241,207,189
부산,동구,사망자수,3,0,0,0,0,1,0,1,1,0,0,0,0
부산,동구,부상자수,3706,308,258,275,293,343,320,281,333,352,351,330,262
부산,영도구,발생건수,1404,98,106,119,130,107,132,114,134,106,109,135,114
부산,영도구,사망자수,5,0,1,1,1,0,0,0,0,1,1,0,0
부산,영도구,부상자수,2083,141,144,158,214,168,202,179,197,171,142,193,174
부산,진구,발생건수,8362,748,653,697,633,708,672,716,655,742,705,691,742
부산,진구,사망자수,18,2,2,1,0,4,2,1,0,2,2,0,2
부산,진구,부상자수,12370,1097,981,1031,943,1057,972,1098,983,1145,1018,1010,1035
부산,동래구,발생건수,5150,436,403,465,417,430,420,487,436,403,405,419,429
부산,동래구,사망자수,6,0,0,1,0,0,1,2,1,0,1,0,0
부산,동래구,부상자수,7606,647,596,642,615,687,637,719,680,603,565,599,616
부산,남구,발생건수,4608,369,350,400,407,372,357,400,375,351,387,417,423
부산,남구,사망자수,9,0,0,2,3,0,1,0,1,0,2,0,0
부산,남구,부상자수,6607,515,520,543,581,508,495,595,553,536,554,596,611
부산,북구,발생건수,4229,354,346,317,367,351,327,369,324,329,360,386,399
부산,북구,사망자수,6,0,2,0,0,1,0,0,3,0,0,0,0
부산,북구,부상자수,6307,511,521,482,544,516,497,575,491,512,500,569,589
부산,해운대구,발생건수,7471,592,548,584,628,617,595,705,652,626,643,634,647
부산,해운대구,사망자수,12,1,1,1,3,1,1,1,1,0,1,1,0
부산,해운대구,부상자수,11996,966,883,916,999,1063,927,1117,1059,979,1007,1011,1069
부산,사하구,발생건수,5971,483,422,487,459,493,493,501,492,529,516,572,524
부산,사하구,사망자수,3,1,0,0,1,0,0,0,0,0,0,0,1
부산,사하구,부상자수,8808,683,600,729,663,718,739,753,743,815,779,802,784
부산,금정구,발생건수,4551,350,354,338,356,397,337,397,382,384,375,439,442
부산,금정구,사망자수,7,0,1,3,1,0,0,0,0,1,1,0,0
부산,금정구,부상자수,6960,535,585,511,512,625,493,616,607,617,556,631,672
부산,강서구,발생건수,5271,457,370,456,409,421,381,429,411,448,495,535,459
부산,강서구,사망자수,15,0,1,4,0,2,0,3,1,3,0,1,0
부산,강서구,부상자수,8241,698,597,723,616,661,597,668,623,760,789,810,699
부산,연제구,발생건수,3789,309,301,330,300,319,282,332,312,302,309,364,329
부산,연제구,사망자수,5,0,0,1,0,0,1,1,0,0,0,0,2
부산,연제구,부상자수,5445,479,445,454,418,464,375,500,458,434,437,522,459
부산,수영구,발생건수,4264,322,322,346,356,347,330,421,369,402,346,337,366
부산,수영구,사망자수,2,1,0,0,0,0,0,0,0,0,0,0,1
부산,수영구,부상자수,6518,473,499,540,538,526,488,692,596,608,525,488,545
부산,사상구,발생건수,6169,508,436,514,470,508,491,533,532,515,515,585,562
부산,사상구,사망자수,15,3,1,0,2,0,0,3,0,3,1,2,0
부산,사상구,부상자수,9163,737,641,752,692,821,730,809,780,798,770,841,792
부산,기장군,발생건수,3523,311,278,293,283,275,279,285,288,286,312,296,337
부산,기장군,사망자수,8,1,0,0,0,1,0,2,1,1,1,0,1
부산,기장군,부상자수,5980,532,502,455,509,476,458,488,492,508,528,493,539
대구,합계,발생건수,66549,5316,4803,5353,5277,5606,5306,5783,5440,5542,6242,5990,5891
대구,합계,사망자수,120,11,13,13,9,13,6,10,11,8,9,4,13
대구,합계,부상자수,100837,7835,7161,7885,8006,8641,7946,8778,8392,8561,9657,9017,8958
대구,중구,발생건수,5270,415,405,427,411,436,394,493,412,426,482,460,509
대구,중구,사망자수,5,0,0,0,1,0,0,1,1,1,1,0,0
대구,중구,부상자수,7859,608,575,626,632,650,578,752,626,600,724,666,822
대구,동구,발생건수,8933,719,612,720,699,775,679,722,694,803,885,817,808
대구,동구,사망자수,20,3,0,1,3,0,1,2,2,2,2,0,4
대구,동구,부상자수,13663,1068,955,1072,1043,1209,986,1098,1056,1285,1410,1280,1201
대구,서구,발생건수,5401,433,420,431,428,420,452,462,449,426,502,513,465
대구,서구,사망자수,17,1,2,2,0,3,1,1,1,1,1,2,2
대구,서구,부상자수,8082,621,627,610,670,617,693,702,683,658,754,735,712
대구,남구,발생건수,4190,361,299,338,329,360,354,375,345,320,359,364,386
대구,남구,사망자수,5,1,0,1,0,0,0,0,0,0,1,1,1
대구,남구,부상자수,6175,521,433,477,504,534,501,570,502,467,540,538,588
대구,북구,발생건수,12486,966,899,932,990,1083,974,1065,1064,1063,1207,1117,1126
대구,북구,사망자수,25,2,3,2,2,4,2,1,1,2,1,0,5
대구,북구,부상자수,18975,1412,1339,1367,1488,1637,1502,1621,1677,1627,1890,1696,1719
대구,수성구,발생건수,10106,803,731,850,782,842,792,910,848,860,936,873,879
대구,수성구,사망자수,20,2,3,4,3,3,0,1,2,1,1,0,0
대구,수성구,부상자수,15211,1178,1092,1282,1157,1313,1190,1386,1287,1324,1412,1293,1297
대구,달서구,발생건수,15384,1229,1091,1274,1254,1311,1251,1344,1280,1237,1409,1410,1294
대구,달서구,사망자수,13,1,2,3,0,2,0,1,1,0,1,1,1
대구,달서구,부상자수,23396,1828,1615,1902,1936,2062,1899,2007,2026,1941,2178,2086,1916
대구,달성군,발생건수,4779,390,346,381,384,379,410,412,348,407,462,436,424
대구,달성군,사망자수,15,1,3,0,0,1,2,3,3,1,1,0,0
대구,달성군,부상자수,7476,599,525,549,576,619,597,642,535,659,749,723,703
인천,합계,발생건수,66614,6425,6278,4655,4991,5269,5058,5454,5364,5296,5866,5743,6215
인천,합계,사망자수,113,14,9,7,10,2,4,13,12,10,13,11,8
인천,합계,부상자수,103792,10037,9859,7134,7644,8253,7747,8604,8527,8553,9066,8922,9446
인천,중구,발생건수,4161,351,310,252,285,390,318,358,381,373,380,372,391
인천,중구,사망자수,14,2,2,0,2,1,0,2,0,2,0,2,1
인천,중구,부상자수,6816,607,491,369,442,661,518,609,646,650,601,596,626
인천,동구,발생건수,1434,150,138,101,106,101,125,115,108,104,122,121,143
인천,동구,사망자수,2,1,0,0,0,0,0,0,0,0,1,0,0
인천,동구,부상자수,2159,233,214,161,139,144,188,171,169,163,201,173,203
인천,남구,발생건수,7343,680,643,542,611,626,589,581,604,560,595,628,684
인천,남구,사망자수,17,0,2,1,0,0,0,3,4,0,3,1,3
인천,남구,부상자수,11069,1055,954,784,925,905,895,932,938,811,918,968,984
인천,부평구,발생건수,11124,1116,1053,811,824,874,860,921,862,889,925,973,1016
인천,부평구,사망자수,10,3,1,1,2,0,0,0,0,0,3,0,0
인천,부평구,부상자수,17119,1739,1649,1239,1254,1405,1307,1404,1345,1438,1353,1507,1479
인천,남동구,발생건수,14574,1372,1371,973,1117,1109,1106,1245,1149,1202,1309,1268,1353
인천,남동구,사망자수,11,2,0,1,1,0,1,1,0,2,0,1,2
인천,남동구,부상자수,22950,2174,2224,1503,1721,1764,1664,1963,1860,1920,2070,1991,2096
인천,서구,발생건수,12748,1334,1353,893,898,931,924,983,1043,960,1114,1088,1227
인천,서구,사망자수,19,2,2,1,0,0,0,2,3,3,1,4,1
인천,서구,부상자수,19533,1984,2095,1359,1380,1407,1368,1518,1611,1546,1676,1665,1924
인천,연수구,발생건수,6521,598,619,474,488,503,474,540,530,476,594,542,683
인천,연수구,사망자수,17,1,1,1,2,0,2,1,1,2,3,3,0
인천,연수구,부상자수,10407,941,970,773,741,796,764,854,864,814,952,849,1089
인천,계양구,발생건수,7168,728,709,494,545,591,525,555,535,601,662,602,621
인천,계양구,사망자수,14,2,1,1,1,0,0,3,4,0,1,0,1
인천,계양구,부상자수,11038,1150,1136,749,860,912,787,866,801,963,1009,914,891
인천,강화군,발생건수,1325,87,77,97,100,119,116,124,124,115,149,129,88
인천,강화군,사망자수,7,1,0,1,2,1,0,1,0,0,1,0,0
인천,강화군,부상자수,2321,139,113,175,159,212,215,222,237,219,265,228,137
인천,옹진군,발생건수,216,9,5,18,17,25,21,32,28,16,16,20,9
인천,옹진군,사망자수,2,0,0,0,0,0,1,0,0,1,0,0,0
인천,옹진군,부상자수,380,15,13,22,23,47,41,65,56,29,21,31,17
광주,합계,발생건수,42417,3639,3290,3372,3381,3315,3254,3608,3546,3557,3816,3873,3766
광주,합계,사망자수,76,7,5,5,9,6,5,7,5,4,12,7,4
광주,합계,부상자수,68650,5805,5291,5474,5403,5317,5266,5954,5985,5847,6093,6127,6088
광주,동구,발생건수,3217,268,243,271,255,237,245,256,242,289,329,302,280
광주,동구,사망자수,3,0,0,0,0,0,0,1,0,0,1,0,1
광주,동구,부상자수,5124,410,399,433,397,379,399,414,386,469,537,483,418
광주,서구,발생건수,10950,986,839,894,884,906,815,901,877,928,958,986,976
광주,서구,사망자수,11,2,1,0,2,0,1,2,0,0,2,0,1
광주,서구,부상자수,17970,1598,1364,1473,1476,1494,1339,1496,1478,1521,1543,1590,1598
광주,북구,발생건수,12156,1006,936,998,981,965,925,1059,1059,1046,1042,1101,1038
광주,북구,사망자수,25,2,2,1,2,2,1,3,2,2,3,4,1
광주,북구,부상자수,19669,1616,1497,1615,1553,1508,1516,1792,1793,1727,1649,1713,1690
광주,광산구,발생건수,11122,969,885,819,874,823,861,954,961,879,1028,1027,1042
광주,광산구,사망자수,26,2,1,2,5,4,2,1,1,0,4,3,1
광주,광산구,부상자수,18144,1552,1471,1338,1380,1332,1383,1557,1672,1461,1665,1634,1699
광주,남구,발생건수,4972,410,387,390,387,384,408,438,407,415,459,457,430
광주,남구,사망자수,11,1,1,2,0,0,1,0,2,2,2,0,0
광주,남구,부상자수,7743,629,560,615,597,604,629,695,656,669,699,707,683
대전,합계,발생건수,40698,3214,3125,3070,3184,3281,3207,3556,3472,3445,3776,3753,3615
대전,합계,사망자수,93,11,7,9,8,11,5,4,6,9,11,6,6
대전,합계,부상자수,64612,4988,5018,4752,4875,5372,5149,5742,5483,5708,5920,5902,5703
대전,동구,발생건수,5482,435,357,430,428,465,442,487,454,498,495,502,489
대전,동구,사망자수,24,3,2,1,2,2,1,2,1,3,3,2,2
대전,동구,부상자수,8704,656,573,659,655,717,716,757,746,861,788,772,804
대전,중구,발생건수,6269,503,481,477,471,489,475,556,562,540,594,576,545
대전,중구,사망자수,12,2,2,2,1,2,0,0,0,0,1,0,2
대전,중구,부상자수,9898,777,761,696,721,818,757,915,899,923,923,864,844
대전,서구,발생건수,13469,1087,1056,1028,1043,1097,1015,1210,1172,1106,1256,1197,1202
대전,서구,사망자수,22,2,2,0,3,2,2,2,2,2,3,1,1
대전,서구,부상자수,21219,1724,1635,1587,1577,1784,1617,1945,1866,1735,1955,1919,1875
대전,유성구,발생건수,9603,709,731,726,797,760,776,811,782,797,903,917,894
대전,유성구,사망자수,22,1,0,4,2,4,1,0,2,3,3,1,1
대전,유성구,부상자수,15532,1105,1289,1150,1223,1269,1275,1364,1195,1367,1423,1457,1415
대전,대덕구,발생건수,5875,480,500,409,445,470,499,492,502,504,528,561,485
대전,대덕구,사망자수,13,3,1,2,0,1,1,0,1,1,1,2,0
대전,대덕구,부상자수,9259,726,760,660,699,784,784,761,777,822,831,890,765
울산,합계,발생건수,26919,2241,2007,2276,2216,2158,2191,2310,2194,2161,2457,2411,2297
울산,합계,사망자수,79,8,5,10,7,9,6,5,8,6,4,8,3
울산,합계,부상자수,40582,3268,2941,3273,3322,3263,3252,3639,3449,3394,3750,3546,3485
울산,중구,발생건수,4683,387,301,407,425,383,394,379,391,355,427,457,377
울산,중구,사망자수,10,2,2,1,1,1,0,1,0,0,0,2,0
울산,중구,부상자수,6977,568,462,599,624,569,576,591,592,555,622,638,581
울산,남구,발생건수,10602,892,785,850,862,852,848,963,843,899,967,933,908
울산,남구,사망자수,23,3,2,2,3,3,1,2,2,3,0,1,1
울산,남구,부상자수,15742,1295,1085,1183,1256,1299,1266,1535,1288,1373,1464,1335,1363
울산,동구,발생건수,2453,214,180,257,194,190,189,210,230,186,195,211,197
울산,동구,사망자수,6,0,1,2,0,0,0,0,1,0,0,2,0
울산,동구,부상자수,3450,286,234,353,292,266,264,299,347,267,269,275,298
울산,북구,발생건수,4369,360,336,356,340,346,362,379,355,322,432,387,394
울산,북구,사망자수,16,0,0,4,3,2,2,0,3,0,1,0,1
울산,북구,부상자수,6737,556,508,495,541,512,556,579,608,523,674,591,594
울산,울주군,발생건수,4812,388,405,406,395,387,398,379,375,399,436,423,421
울산,울주군,사망자수,24,3,0,1,0,3,3,2,2,3,3,3,1
울산,울주군,부상자수,7676,563,652,643,609,617,590,635,614,676,721,707,649
세종,합계,발생건수,4626,350,334,381,399,393,369,374,334,384,436,454,418
세종,합계,사망자수,20,4,0,4,2,2,3,0,1,4,0,0,0
세종,합계,부상자수,7418,564,528,601,606,653,611,614,518,636,669,762,656
세종,세종,발생건수,4626,350,334,381,399,393,369,374,334,384,436,454,418
세종,세종,사망자수,20,4,0,4,2,2,3,0,1,4,0,0,0
세종,세종,부상자수,7418,564,528,601,606,653,611,614,518,636,669,762,656
경기,합계,발생건수,307909,28299,27773,21864,23206,24514,23425,25676,24706,25158,27877,27707,27704
경기,합계,사망자수,678,61,44,56,52,60,56,51,67,59,61,46,65
경기,합계,부상자수,491214,44275,44866,34265,36516,39210,37074,41430,40740,42004,44162,43649,43023
경기,수원시,발생건수,27229,2436,2735,2004,2096,2146,2089,2204,2120,2161,2459,2310,2469
경기,수원시,사망자수,39,1,2,2,3,2,4,2,4,4,6,7,2
경기,수원시,부상자수,41304,3589,4296,2963,3149,3272,3193,3368,3345,3343,3700,3400,3686
경기,성남시,발생건수,23106,2638,2493,1545,1696,1789,1638,1809,1783,1735,2002,1992,1986
경기,성남시,사망자수,37,5,2,4,4,1,4,1,3,2,5,3,3
경기,성남시,부상자수,35769,4035,3992,2447,2600,2708,2425,2704,2784,2775,3090,3163,3046
경기,의정부시,발생건수,9518,1060,964,630,708,703,680,692,669,767,896,852,897
경기,의정부시,사망자수,19,0,4,3,2,0,2,1,0,1,1,1,4
경기,의정부시,부상자수,14619,1664,1509,925,987,1030,1026,1120,1103,1305,1392,1243,1315
경기,안양시,발생건수,11173,946,877,858,871,948,891,971,905,930,1003,1003,970
경기,안양시,사망자수,14,0,2,3,1,2,0,1,0,1,1,2,1
경기,안양시,부상자수,16338,1362,1266,1203,1311,1392,1292,1435,1365,1399,1457,1465,1391
경기,부천시,발생건수,16872,1392,1348,1317,1325,1420,1313,1461,1400,1352,1523,1495,1526
경기,부천시,사망자수,22,1,1,2,0,2,0,3,4,4,2,0,3
경기,부천시,부상자수,25428,2117,2095,2007,1923,2103,1919,2184,2169,2102,2254,2222,2333
경기,안산시,발생건수,19286,1819,1836,1414,1444,1532,1414,1618,1500,1559,1652,1689,1809
경기,안산시,사망자수,42,9,4,2,4,4,2,3,4,3,3,1,3
경기,안산시,부상자수,30201,2813,2901,2243,2260,2425,2180,2473,2312,2490,2607,2683,2814
경기,평택시,발생건수,14862,1276,1228,1120,1182,1189,1229,1198,1177,1242,1337,1336,1348
경기,평택시,사망자수,51,4,3,5,6,3,3,3,7,4,4,3,6
경기,평택시,부상자수,24516,2117,2067,1855,1956,2030,2002,1951,1990,2179,2104,2173,2092
경기,광명시,발생건수,6203,508,551,476,497,455,478,506,532,520,543,547,590
경기,광명시,사망자수,12,0,3,2,1,0,2,0,0,0,2,2,0
경기,광명시,부상자수,9424,725,841,715,769,697,727,807,806,836,808,799,894
경기,구리시,발생건수,5664,542,421,393,404,467,429,470,434,470,539,538,557
경기,구리시,사망자수,11,0,0,1,1,2,0,1,2,1,0,0,3
경기,구리시,부상자수,8692,874,666,570,614,711,663,716,658,729,821,830,840
경기,양주시,발생건수,4942,472,333,345,387,395,396,468,379,414,446,470,437
경기,양주시,사망자수,19,3,1,2,0,0,0,2,3,2,2,1,3
경기,양주시,부상자수,7823,690,499,492,599,666,630,770,650,699,714,731,683
경기,여주시,발생건수,646,57,41,50,54,39,50,43,53,60,82,53,64
경기,여주시,사망자수,14,1,1,2,1,1,2,0,2,1,1,0,2
경기,여주시,부상자수,1069,88,73,81,105,59,75,74,75,122,129,94,94
경기,화성시,발생건수,19989,1716,1518,1398,1551,1614,1512,1734,1567,1641,1902,1947,1889
경기,화성시,사망자수,59,8,2,7,6,7,1,2,6,6,9,5,0
경기,화성시,부상자수,32021,2622,2389,2192,2438,2583,2315,2751,2653,2699,3090,3249,3040
경기,시흥시,발생건수,14226,1156,1076,1090,1090,1177,1126,1279,1116,1129,1346,1321,1320
경기,시흥시,사망자수,29,2,1,0,4,5,6,2,4,2,1,1,1
경기,시흥시,부상자수,22488,1810,1784,1673,1677,1830,1804,2019,1802,1856,2160,2040,2033
경기,파주시,발생건수,9036,1044,993,600,586,640,630,732,683,700,768,818,842
경기,파주시,사망자수,22,0,3,2,2,2,0,1,3,0,3,3,3
경기,파주시,부상자수,14274,1650,1591,943,906,1054,952,1159,1090,1137,1225,1231,1336
경기,고양시,발생건수,24947,2916,3172,1618,1746,1794,1656,1915,2003,1855,2055,2018,2199
경기,고양시,사망자수,38,6,2,0,2,3,3,3,4,4,6,2,3
경기,고양시,부상자수,39466,4608,5243,2490,2746,2783,2538,3013,3228,3033,3239,3151,3394
경기,광주시,발생건수,9809,830,966,658,725,768,711,799,848,854,866,935,849
경기,광주시,사망자수,19,0,0,4,0,2,1,3,3,3,1,1,1
경기,광주시,부상자수,16433,1335,1630,1119,1248,1250,1157,1364,1591,1517,1377,1530,1315
경기,연천군,발생건수,810,70,56,39,49,74,70,68,70,80,85,78,71
경기,연천군,사망자수,6,0,0,0,0,2,1,0,1,0,1,0,1
경기,연천군,부상자수,1326,119,85,44,92,109,114,126,131,152,126,121,107
경기,포천시,발생건수,4343,391,303,271,312,371,381,374,389,367,417,421,346
경기,포천시,사망자수,16,2,1,1,2,1,3,1,0,3,1,1,0
경기,포천시,부상자수,7164,643,448,428,516,614,651,655,683,659,640,667,560
경기,가평군,발생건수,2389,182,120,127,146,205,218,323,361,207,189,187,124
경기,가평군,사망자수,11,2,1,2,1,2,1,1,1,0,0,0,0
경기,가평군,부상자수,5303,394,276,256,268,458,483,782,893,457,390,400,246
경기,양평군,발생건수,2485,183,144,155,197,211,188,252,279,243,242,229,162
경기,양평군,사망자수,15,2,0,1,0,3,2,2,0,3,0,0,2
경기,양평군,부상자수,4479,293,260,260,332,391,311,537,567,465,422,381,260
경기,이천시,발생건수,5855,474,421,451,470,428,458,483,503,536,549,586,496
경기,이천시,사망자수,19,4,1,1,2,0,0,2,2,1,2,3,1
경기,이천시,부상자수,10201,761,728,760,767,737,867,869,929,959,988,980,856
경기,용인시,발생건수,22858,1850,1922,1756,1819,1778,1744,1821,1744,2060,2123,2159,2082
경기,용인시,사망자수,37,0,3,3,5,4,4,7,2,1,2,3,3
경기,용인시,부상자수,38762,3052,3294,2998,3036,3095,3108,3055,2931,3707,3594,3536,3356
경기,안성시,발생건수,5823,451,462,402,460,435,447,471,463,577,582,541,532
경기,안성시,사망자수,19,2,2,1,0,2,6,2,1,0,3,0,0
경기,안성시,부상자수,10510,754,854,720,877,736,787,901,834,1129,1012,971,935
경기,김포시,발생건수,9889,872,897,641,747,787,755,831,771,783,976,899,930
경기,김포시,사망자수,24,1,1,0,2,0,3,1,2,6,3,1,4
경기,김포시,부상자수,15660,1346,1446,998,1170,1280,1158,1288,1291,1296,1544,1401,1442
경기,동두천시,발생건수,1885,158,144,131,139,160,151,171,163,163,177,185,143
경기,동두천시,사망자수,11,2,0,1,0,1,2,0,3,1,1,0,0
경기,동두천시,부상자수,2834,240,234,180,196,245,225,266,229,246,269,278,226
경기,과천시,발생건수,1463,140,148,106,123,126,109,106,114,117,150,103,121
경기,과천시,사망자수,1,0,0,0,1,0,0,0,0,0,0,0,0
경기,과천시,부상자수,2342,217,243,160,209,214,197,162,177,193,232,151,187
경기,군포시,발생건수,4453,351,388,291,371,372,365,385,336,371,403,407,413
경기,군포시,사망자수,7,0,2,0,0,0,0,0,2,3,0,0,0
경기,군포시,부상자수,6763,546,583,464,580,560,540,600,487,590,583,629,601
경기,남양주시,발생건수,12225,1116,899,827,876,1064,1029,1141,1046,948,1060,1131,1088
경기,남양주시,사망자수,41,4,1,4,1,3,4,4,1,2,1,4,12
경기,남양주시,부상자수,19965,1809,1451,1248,1358,1775,1681,2010,1853,1635,1677,1781,1687
경기,오산시,발생건수,5963,461,459,473,401,526,457,514,475,496,543,582,576
경기,오산시,사망자수,10,1,1,0,0,1,0,2,1,0,0,0,4
경기,오산시,부상자수,9863,774,770,772,620,875,737,818,779,822,940,1000,956
경기,의왕시,발생건수,3894,356,445,254,277,335,292,308,314,314,341,305,353
경기,의왕시,사망자수,5,1,0,0,0,0,0,0,2,1,0,1,0
경기,의왕시,부상자수,6282,543,716,387,470,520,463,521,513,569,584,459,537
경기,하남시,발생건수,6066,436,413,424,457,566,519,529,509,507,621,570,515
경기,하남시,사망자수,9,0,0,1,1,5,0,1,0,0,0,1,0
경기,하남시,부상자수,9895,685,636,672,737,1008,854,932,822,904,994,890,761
강원,합계,발생건수,36330,3277,2597,2542,2715,2943,2795,3290,3594,3046,3397,3170,2964
강원,합계,사망자수,197,13,9,19,19,14,13,14,20,20,21,14,21
강원,합계,부상자수,63242,5902,4669,4299,4548,5030,4732,5878,6876,5392,5661,5325,4930
강원,춘천시,발생건수,7725,658,479,537,571,652,623,730,735,682,759,679,620
강원,춘천시,사망자수,18,0,1,1,1,0,1,4,4,1,2,1,2
강원,춘천시,부상자수,13630,1142,789,912,1002,1177,1065,1331,1451,1312,1254,1171,1024
강원,원주시,발생건수,9668,950,766,691,739,745,722,792,806,797,949,915,796
강원,원주시,사망자수,20,2,2,2,3,0,1,1,0,1,3,2,3
강원,원주시,부상자수,16203,1611,1377,1170,1194,1196,1193,1302,1380,1362,1560,1529,1329
강원,동해시,발생건수,1647,131,102,101,136,159,131,142,160,161,138,135,151
강원,동해시,사망자수,5,0,1,0,0,1,0,1,0,0,1,1,0
강원,동해시,부상자수,2646,208,169,157,228,239,217,256,263,222,202,243,242
강원,강릉시,발생건수,5335,461,392,424,414,413,400,485,514,461,497,412,462
강원,강릉시,사망자수,22,1,0,3,3,2,2,0,3,2,2,1,3
강원,강릉시,부상자수,9180,838,644,724,708,723,690,859,918,821,805,684,766
강원,속초시,발생건수,2044,139,157,140,136,166,177,201,254,155,214,162,143
강원,속초시,사망자수,6,2,0,0,0,1,1,0,0,0,1,1,0
강원,속초시,부상자수,3534,260,257,236,203,276,301,359,463,272,375,268,264
강원,태백시,발생건수,830,49,62,77,75,80,39,73,81,60,84,98,52
강원,태백시,사망자수,10,1,1,2,0,0,1,0,1,2,0,2,0
강원,태백시,부상자수,1328,80,102,116,124,132,63,111,157,91,128,155,69
강원,삼척시,발생건수,1173,97,61,94,104,109,101,98,137,87,92,98,95
강원,삼척시,사망자수,6,1,0,0,0,1,0,0,0,1,0,1,2
강원,삼척시,부상자수,1923,139,111,141,149,188,155,166,259,145,142,168,160
강원,홍천군,발생건수,1450,129,91,70,86,105,113,152,176,125,137,148,118
강원,홍천군,사망자수,13,1,0,6,0,3,1,0,0,0,0,1,1
강원,홍천군,부상자수,2759,236,155,124,134,175,180,305,443,267,256,281,203
강원,횡성군,발생건수,977,92,53,60,77,78,75,101,113,75,94,84,75
강원,횡성군,사망자수,14,1,0,0,5,1,2,0,1,0,4,0,0
강원,횡성군,부상자수,1830,181,105,102,127,115,142,199,277,135,178,141,128
강원,영월군,발생건수,564,41,32,33,57,45,49,57,49,51,36,61,53
강원,영월군,사망자수,11,0,0,1,2,0,2,4,1,1,0,0,0
강원,영월군,부상자수,884,71,54,39,87,75,70,100,80,78,63,92,75
강원,평창군,발생건수,1110,129,173,69,66,70,71,84,143,89,80,63,73
강원,평창군,사망자수,15,1,1,1,0,0,0,1,0,3,3,2,3
강원,평창군,부상자수,2578,342,468,156,157,171,138,232,338,186,138,99,153
강원,정선군,발생건수,704,76,50,58,47,59,44,59,74,51,59,61,66
강원,정선군,사망자수,8,2,1,0,1,0,0,0,1,0,2,0,1
강원,정선군,부상자수,1165,138,103,99,67,86,77,99,136,87,89,94,90
강원,철원군,발생건수,627,56,35,38,42,60,52,62,51,68,54,64,45
강원,철원군,사망자수,5,0,1,0,0,3,1,0,0,0,0,0,0
강원,철원군,부상자수,1011,100,52,72,65,104,85,104,85,108,92,90,54
강원,화천군,발생건수,356,63,19,24,23,26,28,33,44,20,24,24,28
강원,화천군,사망자수,9,1,0,0,0,1,0,0,1,1,1,0,4
강원,화천군,부상자수,562,102,29,45,39,38,46,58,68,29,29,36,43
강원,양구군,발생건수,309,24,18,16,22,35,28,31,22,24,23,32,34
강원,양구군,사망자수,5,0,0,1,0,1,0,0,0,1,0,2,0
강원,양구군,부상자수,474,48,24,22,40,56,41,47,28,32,35,52,49
강원,인제군,발생건수,623,79,33,34,43,55,44,73,90,41,45,45,41
강원,인제군,사망자수,10,0,0,2,2,0,0,2,2,1,0,0,1
강원,인제군,부상자수,1270,194,64,58,87,109,105,123,232,67,100,72,59
강원,고성군,발생건수,458,31,30,30,23,36,37,39,66,37,45,37,47
강원,고성군,사망자수,12,0,1,0,2,0,0,1,4,3,0,0,1
강원,고성군,부상자수,749,56,51,46,38,60,68,63,124,53,64,57,69
강원,양양군,발생건수,730,72,44,46,54,50,61,78,79,62,67,52,65
강원,양양군,사망자수,8,0,0,0,0,0,1,0,2,3,2,0,0
강원,양양군,부상자수,1516,156,115,80,99,110,96,164,174,125,151,93,153
충북,합계,발생건수,35081,2585,2586,2532,2780,2821,2764,3096,2965,3058,3326,3444,3124
충북,합계,사망자수,224,12,30,8,18,20,20,20,23,20,17,18,18
충북,합계,부상자수,59626,4280,4517,4135,4735,4770,4717,5269,5095,5483,5661,5781,5183
충북,청주시,발생건수,16185,1223,1197,1221,1304,1323,1313,1448,1351,1374,1502,1501,1428
충북,청주시,사망자수,86,6,12,2,10,8,9,6,8,6,6,6,7
충북,청주시,부상자수,26525,2011,1986,1986,2176,2179,2185,2343,2155,2384,2442,2364,2314
충북,충주시,발생건수,5461,392,390,417,446,447,414,500,396,499,539,513,508
충북,충주시,사망자수,27,2,3,1,0,5,5,3,0,3,0,2,3
충북,충주시,부상자수,9115,640,641,701,710,790,672,837,670,834,877,913,830
충북,제천시,발생건수,3102,232,206,237,242,258,223,265,293,248,282,346,270
충북,제천시,사망자수,21,1,2,2,0,0,1,4,2,2,2,2,3
충북,제천시,부상자수,5163,398,392,369,412,442,362,456,482,425,459,559,407
충북,청원군,발생건수,193,26,17,7,11,21,13,12,18,8,19,22,19
충북,청원군,사망자수,0,0,0,0,0,0,0,0,0,0,0,0,0
충북,청원군,부상자수,349,56,27,12,46,31,22,19,35,10,26,29,36
충북,보은군,발생건수,733,46,61,36,53,57,57,58,55,76,83,97,54
충북,보은군,사망자수,6,0,0,0,0,1,1,0,1,1,1,1,0
충북,보은군,부상자수,1467,75,113,53,135,108,119,114,125,191,151,182,101
충북,옥천군,발생건수,1102,94,77,76,97,108,80,95,95,93,92,114,81
충북,옥천군,사망자수,11,1,0,0,1,0,1,2,1,1,2,2,0
충북,옥천군,부상자수,1803,136,139,115,165,187,143,152,136,158,155,179,138
충북,영동군,발생건수,620,45,60,32,48,46,50,48,61,57,57,65,51
충북,영동군,사망자수,10,0,1,0,1,1,0,2,1,2,2,0,0
충북,영동군,부상자수,958,61,111,39,72,66,72,80,93,74,97,99,94
충북,진천군,발생건수,2481,187,206,162,186,174,185,220,197,201,237,270,256
충북,진천군,사망자수,20,0,2,0,4,1,1,2,4,2,2,1,1
충북,진천군,부상자수,4545,327,400,285,313,307,353,445,332,425,449,469,440
충북,괴산군,발생건수,1195,61,92,66,92,80,106,91,128,116,107,138,118
충북,괴산군,사망자수,14,0,4,0,2,2,0,0,3,0,0,1,2
충북,괴산군,부상자수,2545,120,207,109,174,127,223,177,324,213,265,335,271
충북,음성군,발생건수,2691,188,185,181,199,203,199,243,259,268,281,252,233
충북,음성군,사망자수,20,2,4,1,0,1,1,0,2,3,1,3,2
충북,음성군,부상자수,4903,305,348,324,357,347,371,442,541,530,528,426,384
충북,단양군,발생건수,588,42,47,39,34,45,54,54,66,59,53,63,32
충북,단양군,사망자수,8,0,2,1,0,1,1,1,1,0,1,0,0
충북,단양군,부상자수,1070,69,77,56,60,104,90,99,120,121,92,122,60
충북,증평군,발생건수,730,49,48,58,68,59,70,62,46,59,74,63,74
충북,증평군,사망자수,1,0,0,1,0,0,0,0,0,0,0,0,0
충북,증평군,부상자수,1183,82,76,86,115,82,105,105,82,118,120,104,108
충남,합계,발생건수,51784,3915,3986,3889,4137,4312,4048,4340,4339,4736,4799,4823,4460
충남,합계,사망자수,354,18,21,39,30,21,18,26,30,45,40,35,31
충남,합계,부상자수,88928,6388,7083,6491,7202,7402,6657,7331,7455,8767,8160,8371,7621
충남,천안시,발생건수,19562,1557,1522,1553,1534,1615,1503,1658,1614,1746,1750,1784,1726
충남,천안시,사망자수,54,3,3,4,4,3,2,7,5,7,6,6,4
충남,천안시,부상자수,33535,2633,2726,2712,2636,2781,2498,2768,2753,3097,2906,3061,2964
충남,아산시,발생건수,8610,737,661,645,710,731,643,690,670,755,770,861,737
충남,아산시,사망자수,38,2,2,6,2,2,2,4,3,6,1,5,3
충남,아산시,부상자수,14268,1199,1132,1015,1261,1147,983,1143,1089,1383,1268,1446,1202
충남,보령시,발생건수,2280,159,142,153,150,179,203,234,202,203,248,190,217
충남,보령시,사망자수,18,0,2,4,3,1,2,0,1,2,1,1,1
충남,보령시,부상자수,3772,253,257,228,231,289,313,437,364,351,403,302,344
충남,공주시,발생건수,3908,248,312,265,331,349,287,293,339,410,325,406,343
충남,공주시,사망자수,24,2,2,0,0,2,2,0,2,4,1,3,6
충남,공주시,부상자수,8246,433,685,515,709,745,615,590,698,952,689,872,743
충남,서산시,발생건수,4215,277,320,326,343,348,369,385,372,348,394,376,357
충남,서산시,사망자수,30,2,2,5,2,0,1,2,4,4,4,2,2
충남,서산시,부상자수,7136,446,552,513,592,621,619,625,588,629,696,641,614
충남,금산군,발생건수,1089,77,81,68,89,92,90,108,96,112,111,97,68
충남,금산군,사망자수,11,1,0,2,2,2,0,2,0,0,1,1,0
충남,금산군,부상자수,1816,131,135,101,132,138,136,194,168,226,196,158,101
충남,태안군,발생건수,1168,74,76,65,113,99,91,117,137,110,125,93,68
충남,태안군,사망자수,14,0,2,0,1,1,2,0,0,4,3,1,0
충남,태안군,부상자수,2100,118,113,109,206,202,150,215,290,184,236,148,129
충남,연기군,발생건수,44,4,2,7,6,5,2,6,4,5,1,-,2
충남,연기군,사망자수,0,0,0,0,0,0,0,0,0,0,0,-,0
충남,연기군,부상자수,77,5,4,11,11,10,5,8,7,12,1,-,3
충남,논산시,발생건수,2940,231,242,216,233,242,230,231,253,284,278,266,234
충남,논산시,사망자수,25,1,2,3,2,1,2,2,1,3,4,0,4
충남,논산시,부상자수,5033,349,432,346,442,409,364,373,410,551,511,452,394
충남,부여군,발생건수,990,59,80,65,80,91,85,81,74,103,82,95,95
충남,부여군,사망자수,20,1,1,4,1,0,1,0,0,4,2,3,3
충남,부여군,부상자수,1500,88,127,95,110,154,123,128,112,167,115,141,140
충남,서천군,발생건수,1020,79,93,92,59,92,65,88,80,103,100,95,74
충남,서천군,사망자수,11,0,1,2,0,1,0,1,1,0,2,2,1
충남,서천군,부상자수,1719,123,169,150,82,181,102,129,135,187,161,176,124
충남,청양군,발생건수,548,34,40,42,43,42,40,35,52,57,51,49,63
충남,청양군,사망자수,13,1,0,3,0,1,0,1,0,2,2,2,1
충남,청양군,부상자수,840,45,76,58,87,69,54,49,78,80,77,71,96
충남,홍성군,발생건수,1985,152,142,134,154,133,166,151,169,190,222,194,178
충남,홍성군,사망자수,29,2,0,1,1,1,1,3,3,4,6,4,3
충남,홍성군,부상자수,3389,241,253,225,241,207,256,251,300,391,369,370,285
충남,예산군,발생건수,1821,137,157,135,150,157,125,142,153,169,188,175,133
충남,예산군,사망자수,24,2,1,1,6,1,0,0,2,2,4,4,1
충남,예산군,부상자수,2874,196,238,194,229,230,214,227,240,305,291,289,221
충남,당진시,발생건수,1100,57,81,91,101,98,98,80,91,87,106,99,111
충남,당진시,사망자수,41,1,3,4,5,5,2,4,8,3,3,1,2
충남,당진시,부상자수,1735,80,116,152,153,156,147,128,166,148,156,159,174
충남,계룡시,발생건수,504,33,35,32,41,39,51,41,33,54,48,43,54
충남,계룡시,사망자수,2,0,0,0,1,0,1,0,0,0,0,0,0
충남,계룡시,부상자수,888,48,68,67,80,63,78,66,57,104,85,85,87
전북,합계,발생건수,43304,3560,3480,3280,3456,3465,3319,3711,3584,3731,4116,3903,3699
전북,합계,사망자수,246,20,19,12,20,23,19,27,19,25,26,20,16
전북,합계,부상자수,70737,5826,5847,5084,5479,5621,5267,6054,5913,6633,6655,6384,5974
전북,전주시,발생건수,17451,1456,1368,1390,1407,1420,1300,1557,1463,1431,1655,1526,1478
전북,전주시,사망자수,36,5,3,1,4,2,2,5,2,2,6,2,2
전북,전주시,부상자수,27952,2354,2206,2148,2150,2217,2049,2542,2432,2439,2592,2456,2367
전북,군산시,발생건수,6695,574,586,473,550,522,518,589,532,557,580,603,611
전북,군산시,사망자수,36,3,3,1,2,4,3,6,2,2,4,1,5
전북,군산시,부상자수,11188,951,1014,713,947,879,840,998,897,978,972,969,1030
전북,정읍시,발생건수,2614,227,226,188,189,222,198,211,217,210,275,231,220
전북,정읍시,사망자수,17,1,3,1,0,1,2,0,2,3,3,1,0
전북,정읍시,부상자수,4205,351,361,280,264,350,282,341,333,385,516,386,356
전북,남원시,발생건수,1440,113,110,105,130,107,118,113,145,115,138,146,100
전북,남원시,사망자수,27,2,1,0,5,1,3,4,2,0,2,6,1
전북,남원시,부상자수,2166,173,181,152,195,151,156,168,243,178,191,225,153
전북,김제시,발생건수,2132,197,169,160,158,180,154,138,175,196,212,222,171
전북,김제시,사망자수,24,2,3,1,1,3,0,2,2,8,2,0,0
전북,김제시,부상자수,3657,361,271,246,265,301,265,245,281,375,366,414,267
전북,완주군,발생건수,2334,178,198,188,181,189,178,220,179,205,222,214,182
전북,완주군,사망자수,18,1,1,1,1,2,1,4,1,1,1,2,2
전북,완주군,부상자수,4129,310,367,321,336,326,306,371,294,458,397,355,288
전북,진안군,발생건수,274,23,18,22,34,25,20,21,23,22,26,21,19
전북,진안군,사망자수,5,1,1,0,0,2,0,0,0,1,0,0,0
전북,진안군,부상자수,423,35,29,26,51,40,34,31,41,33,43,30,30
전북,무주군,발생건수,402,51,50,21,21,34,28,36,38,29,32,26,36
전북,무주군,사망자수,12,2,0,3,1,1,2,0,1,0,0,2,0
전북,무주군,부상자수,674,113,96,30,33,41,39,59,62,51,53,38,59
전북,장수군,발생건수,256,16,18,19,25,33,30,18,19,25,22,20,11
전북,장수군,사망자수,2,0,0,1,0,0,0,0,0,0,1,0,0
전북,장수군,부상자수,463,24,45,25,36,81,50,22,42,48,27,33,30
전북,임실군,발생건수,476,38,50,23,38,37,42,39,43,55,41,32,38
전북,임실군,사망자수,3,0,0,0,0,1,0,0,1,1,0,0,0
전북,임실군,부상자수,850,70,120,37,67,59,97,62,57,121,52,43,65
전북,순창군,발생건수,330,10,14,32,28,31,42,32,30,35,35,22,19
전북,순창군,사망자수,6,0,0,3,0,1,1,0,0,0,0,1,0
전북,순창군,부상자수,518,15,22,41,38,65,66,56,53,53,54,31,24
전북,고창군,발생건수,987,91,83,63,78,70,84,69,81,117,105,72,74
전북,고창군,사망자수,19,0,0,0,4,1,1,2,1,4,3,1,2
전북,고창군,부상자수,1660,127,144,100,131,132,136,105,131,262,170,118,104
전북,부안군,발생건수,1011,84,66,61,81,88,82,82,79,122,102,79,85
전북,부안군,사망자수,11,1,0,0,0,0,1,2,2,3,1,1,0
전북,부안군,부상자수,1753,147,124,96,141,160,130,123,135,241,174,137,145
전북,익산시,발생건수,6902,502,524,535,536,507,525,586,560,612,671,689,655
전북,익산시,사망자수,30,2,4,0,2,4,3,2,3,0,3,3,4
전북,익산시,부상자수,11099,795,867,869,825,819,817,931,912,1011,1048,1149,1056
전남,합계,발생건수,38075,3042,2818,3043,3111,3120,2937,3246,3182,3228,3474,3479,3395
전남,합계,사망자수,330,29,18,27,23,32,23,22,37,34,26,28,31
전남,합계,부상자수,62514,4881,4628,4870,5078,5129,4835,5376,5431,5586,5667,5678,5355
전남,목포시,발생건수,6924,617,529,558,548,553,542,570,596,589,596,599,627
전남,목포시,사망자수,17,1,1,1,1,3,0,2,2,2,0,2,2
전남,목포시,부상자수,11737,1031,872,950,931,925,925,988,1055,998,984,1010,1068
전남,여수시,발생건수,6465,501,419,495,515,546,530,590,513,507,611,664,574
전남,여수시,사망자수,33,3,1,3,4,3,1,2,3,2,5,3,3
전남,여수시,부상자수,10469,747,674,743,847,896,847,993,928,822,1018,1067,887
전남,순천시,발생건수,6153,446,451,505,505,493,524,560,482,512,566,572,537
전남,순천시,사망자수,32,3,0,2,3,4,3,1,3,7,3,2,1
전남,순천시,부상자수,9956,720,782,793,832,826,848,840,797,884,927,904,803
전남,나주시,발생건수,2460,186,193,183,217,198,183,196,211,222,212,220,239
전남,나주시,사망자수,23,3,1,2,2,2,1,2,3,1,2,3,1
전남,나주시,부상자수,4207,316,340,302,343,345,337,314,352,403,366,375,414
전남,광양시,발생건수,2896,265,204,280,258,231,195,283,235,216,261,226,242
전남,광양시,사망자수,15,1,1,1,0,0,3,1,5,0,1,0,2
전남,광양시,부상자수,4602,426,312,444,391,347,297,481,392,366,420,351,375
전남,담양군,발생건수,1067,72,81,87,99,100,65,90,120,90,103,83,77
전남,담양군,사망자수,16,0,1,0,2,1,2,0,4,2,1,1,2
전남,담양군,부상자수,1835,122,134,134,174,178,108,156,225,160,161,148,135
전남,곡성군,발생건수,375,29,23,36,21,61,25,20,30,36,30,35,29
전남,곡성군,사망자수,2,0,0,0,0,0,0,0,1,0,0,0,1
전남,곡성군,부상자수,619,40,35,88,29,106,33,30,44,58,62,59,35
전남,구례군,발생건수,347,20,22,43,33,24,28,27,35,29,35,21,30
전남,구례군,사망자수,9,1,1,0,1,1,1,0,1,1,0,1,1
전남,구례군,부상자수,552,29,33,75,51,33,39,45,56,43,63,41,44
전남,고흥군,발생건수,723,49,46,59,63,66,66,54,65,70,67,64,54
전남,고흥군,사망자수,14,0,0,1,1,0,3,0,4,2,1,0,2
전남,고흥군,부상자수,1066,72,69,83,98,103,87,80,95,131,92,92,64
전남,보성군,발생건수,667,56,45,46,56,45,45,50,56,58,67,58,85
전남,보성군,사망자수,13,1,2,2,0,1,0,1,0,0,1,4,1
전남,보성군,부상자수,1036,99,66,76,79,63,63,88,86,90,100,81,145
전남,화순군,발생건수,1142,85,75,95,82,85,96,97,99,86,110,100,132
전남,화순군,사망자수,11,0,1,0,0,0,3,1,0,2,0,0,4
전남,화순군,부상자수,1946,125,126,156,138,151,190,173,162,162,190,169,204
전남,장흥군,발생건수,608,53,35,41,49,54,53,41,52,52,63,55,60
전남,장흥군,사망자수,13,3,0,3,2,0,1,0,1,2,0,0,1
전남,장흥군,부상자수,915,87,46,57,79,73,74,57,83,79,99,83,98
전남,강진군,발생건수,614,44,41,44,51,49,58,49,42,79,57,50,50
전남,강진군,사망자수,14,2,0,1,1,2,1,1,1,2,0,1,2
전남,강진군,부상자수,1044,54,71,73,77,86,113,71,97,136,87,92,87
전남,해남군,발생건수,1053,86,88,85,76,85,78,73,95,87,92,106,102
전남,해남군,사망자수,17,0,3,1,1,1,1,0,1,3,1,3,2
전남,해남군,부상자수,1588,132,130,139,118,130,116,115,147,128,125,155,153
전남,영암군,발생건수,1381,126,112,114,125,104,90,115,90,120,125,116,144
전남,영암군,사망자수,24,3,1,0,2,8,2,1,1,0,2,3,1
전남,영암군,부상자수,2364,228,194,186,214,168,156,210,163,238,204,195,208
전남,무안군,발생건수,1660,140,140,136,128,142,106,135,126,173,137,166,131
전남,무안군,사망자수,17,2,1,2,0,4,0,1,1,2,3,1,0
전남,무안군,부상자수,2910,230,253,209,208,255,189,229,215,366,251,295,210
전남,함평군,발생건수,608,44,52,44,56,51,42,41,63,54,56,48,57
전남,함평군,사망자수,6,1,1,2,1,0,0,0,0,0,0,0,1
전남,함평군,부상자수,1023,71,93,68,104,76,69,88,103,87,73,93,98
전남,영광군,발생건수,786,52,72,62,57,52,45,77,67,71,79,78,74
전남,영광군,사망자수,16,1,1,3,2,0,0,1,2,4,0,0,2
전남,영광군,부상자수,1226,84,103,97,87,69,66,130,113,108,131,124,114
전남,장성군,발생건수,947,75,82,45,82,83,81,66,87,84,103,100,59
전남,장성군,사망자수,8,1,1,1,0,1,0,2,0,0,1,0,1
전남,장성군,부상자수,1555,104,125,69,126,136,145,114,141,169,169,174,83
전남,완도군,발생건수,505,36,48,32,41,36,37,51,49,40,47,50,38
전남,완도군,사망자수,13,3,1,1,0,0,0,2,1,1,1,2,1
전남,완도군,부상자수,734,50,67,53,57,41,57,87,73,67,66,63,53
전남,진도군,발생건수,364,41,31,28,30,38,22,25,36,29,21,31,32
전남,진도군,사망자수,6,0,0,0,0,0,1,1,2,1,1,0,0
전남,진도군,부상자수,640,84,58,41,60,79,38,40,53,57,27,55,48
전남,신안군,발생건수,330,19,29,25,19,24,26,36,33,24,36,37,22
전남,신안군,사망자수,11,0,0,1,0,1,0,3,1,0,3,2,0
전남,신안군,부상자수,490,30,45,34,35,43,38,47,51,34,52,52,29
경북,합계,발생건수,61017,4623,4323,4829,4921,5016,4768,5363,5360,5359,5763,5454,5238
경북,합계,사망자수,409,24,29,25,29,38,27,33,41,39,61,26,37
경북,합계,부상자수,96775,7216,6977,7426,7715,7976,7367,8508,8718,9035,9155,8532,8150
경북,포항시,발생건수,12504,993,944,1032,1006,1007,917,1143,1039,1059,1143,1102,1119
경북,포항시,사망자수,53,4,2,4,1,6,4,3,6,6,9,2,6
경북,포항시,부상자수,19290,1496,1459,1596,1517,1563,1402,1773,1691,1644,1786,1639,1724
경북,경주시,발생건수,6769,478,453,549,622,551,486,591,632,624,646,570,567
경북,경주시,사망자수,45,3,4,2,4,7,0,2,6,4,2,3,8
경북,경주시,부상자수,11154,781,758,888,1070,905,706,982,1079,1106,1064,929,886
경북,김천시,발생건수,2432,170,174,206,213,189,193,205,239,204,238,196,205
경북,김천시,사망자수,19,2,1,1,1,2,2,1,0,0,5,3,1
경북,김천시,부상자수,3721,249,259,314,321,272,291,326,373,334,393,298,291
경북,안동시,발생건수,3591,262,238,274,344,281,262,324,308,291,346,333,328
경북,안동시,사망자수,25,1,2,3,1,3,2,2,3,3,3,0,2
경북,안동시,부상자수,5643,410,379,394,540,447,446,519,466,474,517,539,512
경북,구미시,발생건수,10908,880,749,867,853,874,947,965,976,934,1006,966,891
경북,구미시,사망자수,38,2,0,1,3,7,3,5,6,1,4,1,5
경북,구미시,부상자수,17238,1338,1180,1325,1338,1375,1464,1563,1560,1610,1580,1495,1410
경북,영주시,발생건수,2009,145,138,130,152,157,148,176,167,210,218,202,166
경북,영주시,사망자수,10,1,0,0,0,1,1,1,1,3,2,0,0
경북,영주시,부상자수,3022,209,224,190,213,247,222,271,250,317,330,306,243
경북,영천시,발생건수,2452,201,189,188,183,180,173,207,239,242,242,191,217
경북,영천시,사망자수,20,1,1,0,1,0,2,0,5,2,3,4,1
경북,영천시,부상자수,3912,305,305,288,278,289,272,330,389,423,380,299,354
경북,문경시,발생건수,1502,101,122,116,96,124,112,123,126,153,133,163,133
경북,문경시,사망자수,13,1,1,2,0,0,1,0,0,3,2,0,3
경북,문경시,부상자수,2846,207,275,201,178,231,194,214,222,331,233,312,248
경북,상주시,발생건수,1937,131,154,146,156,173,152,132,191,196,194,175,137
경북,상주시,사망자수,34,0,6,1,4,3,0,3,2,3,9,3,0
경북,상주시,부상자수,3301,223,265,250,245,295,221,208,346,338,346,345,219
경북,군위군,발생건수,554,39,43,34,42,49,47,44,50,55,52,53,46
경북,군위군,사망자수,7,0,0,0,0,0,1,1,0,1,2,0,2
경북,군위군,부상자수,1008,68,94,52,70,106,77,77,91,112,90,91,80
경북,의성군,발생건수,727,60,55,68,54,56,81,67,51,49,78,67,41
경북,의성군,사망자수,9,1,1,0,2,0,0,2,1,0,2,0,0
경북,의성군,부상자수,1104,80,86,92,85,81,139,97,82,74,124,104,60
경북,청송군,발생건수,373,22,25,22,34,24,25,32,40,33,40,42,34
경북,청송군,사망자수,10,0,0,0,2,0,2,1,0,2,2,1,0
경북,청송군,부상자수,596,30,36,44,50,44,40,58,59,51,64,63,57
경북,영양군,발생건수,188,13,16,9,10,19,14,18,27,23,10,14,15
경북,영양군,사망자수,1,0,0,0,0,0,0,0,0,1,0,0,0
경북,영양군,부상자수,245,16,22,10,13,22,16,22,42,37,11,16,18
경북,영덕군,발생건수,785,74,52,54,73,49,69,76,69,78,78,55,58
경북,영덕군,사망자수,11,0,0,1,2,0,1,0,0,2,5,0,0
경북,영덕군,부상자수,1382,154,94,83,117,78,113,127,144,146,140,73,113
경북,청도군,발생건수,829,53,59,76,53,73,65,87,70,75,86,67,65
경북,청도군,사망자수,15,0,1,2,1,1,0,5,0,0,2,1,2
경북,청도군,부상자수,1397,79,106,130,99,132,106,130,116,146,131,121,101
경북,고령군,발생건수,638,54,47,43,47,57,59,48,41,63,71,57,51
경북,고령군,사망자수,11,1,0,0,1,1,2,0,2,0,3,1,0
경북,고령군,부상자수,974,80,73,59,69,98,84,69,57,132,106,69,78
경북,성주군,발생건수,787,59,52,65,61,79,72,76,64,71,47,84,57
경북,성주군,사망자수,13,0,1,1,1,3,1,2,0,1,0,2,1
경북,성주군,부상자수,1154,99,66,98,81,119,94,112,107,114,66,118,80
경북,칠곡군,발생건수,3290,260,238,259,240,293,269,294,293,252,298,301,293
경북,칠곡군,사망자수,17,2,1,0,2,0,1,4,2,2,1,1,1
경북,칠곡군,부상자수,5528,427,399,407,413,523,463,483,482,496,516,480,439
경북,예천군,발생건수,682,58,52,46,54,51,49,47,57,55,72,66,75
경북,예천군,사망자수,9,0,0,1,0,2,0,0,0,1,2,2,1
경북,예천군,부상자수,1008,90,93,67,84,73,64,71,87,77,111,92,99
경북,봉화군,발생건수,381,27,21,24,31,32,21,37,34,38,36,42,38
경북,봉화군,사망자수,1,1,0,0,0,0,0,0,0,0,0,0,0
경북,봉화군,부상자수,596,46,43,35,50,50,26,52,61,46,56,69,62
경북,울진군,발생건수,655,39,40,39,56,62,66,66,60,48,61,58,60
경북,울진군,사망자수,8,0,3,1,0,0,1,1,1,1,0,0,0
경북,울진군,부상자수,1038,66,65,51,86,89,103,117,108,73,104,92,84
경북,울릉군,발생건수,69,2,3,6,9,9,7,6,11,4,6,2,4
경북,울릉군,사망자수,1,0,0,0,1,0,0,0,0,0,0,0,0
경북,울릉군,부상자수,106,4,3,8,18,9,9,13,18,9,7,2,6
경북,경산시,발생건수,6955,502,459,576,532,627,534,599,576,602,662,648,638
경북,경산시,사망자수,39,4,5,5,2,2,3,0,6,3,3,2,4
경북,경산시,부상자수,10512,759,693,844,780,928,815,894,888,945,1000,980,986
경남,합계,발생건수,67995,5575,4767,5467,5500,5709,5468,5760,5642,5737,6237,6057,6076
경남,합계,사망자수,333,21,22,28,25,23,30,31,35,30,28,28,32
경남,합계,부상자수,106971,8306,7436,8580,8596,9093,8430,9115,9203,9320,9770,9622,9500
경남,마산시,발생건수,122,4,12,10,9,12,13,13,12,4,12,8,13
경남,마산시,사망자수,0,0,0,0,0,0,0,0,0,0,0,0,0
경남,마산시,부상자수,182,6,17,14,18,19,16,19,20,6,15,14,18
경남,진주시,발생건수,6855,549,482,539,562,573,575,580,563,525,698,601,608
경남,진주시,사망자수,23,0,1,2,1,2,1,4,3,3,2,0,4
경남,진주시,부상자수,10317,782,732,830,876,847,884,889,823,826,1013,893,922
경남,창원시,발생건수,2386,219,151,177,195,204,171,192,191,215,211,229,231
경남,창원시,사망자수,0,0,0,0,0,0,0,0,0,0,0,0,0
경남,창원시,부상자수,3392,291,209,246,281,309,241,260,287,315,297,322,334
경남,진해시,발생건수,3,1,-,-,-,-,-,-,1,-,-,-,1
경남,진해시,사망자수,0,0,-,-,-,-,-,-,0,-,-,-,0
경남,진해시,부상자수,5,2,-,-,-,-,-,-,1,-,-,-,2
경남,통영시,발생건수,2346,195,175,180,184,189,177,183,219,216,197,207,224
경남,통영시,사망자수,16,1,2,3,0,2,1,1,3,0,2,0,1
경남,통영시,부상자수,3746,293,248,292,307,317,294,278,390,322,318,337,350
경남,김해시,발생건수,12193,1047,844,970,952,1044,1000,1049,1004,1018,1121,1051,1093
경남,김해시,사망자수,35,2,5,2,5,1,2,6,2,2,2,3,3
경남,김해시,부상자수,18671,1527,1337,1511,1425,1577,1502,1622,1571,1528,1763,1645,1663
경남,밀양시,발생건수,1973,143,136,154,173,164,175,171,170,157,164,179,187
경남,밀양시,사망자수,15,1,0,0,0,2,3,3,3,1,1,0,1
경남,밀양시,부상자수,3209,199,234,260,270,256,286,277,307,249,254,301,316
경남,거제시,발생건수,4057,346,286,342,318,329,312,337,324,357,358,362,386
경남,거제시,사망자수,11,0,0,2,1,0,0,1,1,1,2,1,2
경남,거제시,부상자수,6338,529,464,524,477,524,475,539,542,595,556,556,557
경남,의령군,발생건수,316,28,17,23,18,24,31,33,31,23,29,30,29
경남,의령군,사망자수,10,0,0,1,1,0,1,1,1,0,2,2,1
경남,의령군,부상자수,445,42,21,38,33,35,35,54,35,35,35,49,33
경남,함안군,발생건수,2046,167,159,158,154,153,144,174,173,212,179,184,189
경남,함안군,사망자수,25,4,1,0,3,1,1,3,1,6,2,2,1
경남,함안군,부상자수,4230,283,294,307,319,323,270,420,461,453,350,366,384
경남,창녕군,발생건수,1179,75,85,84,98,107,104,118,90,100,125,98,95
경남,창녕군,사망자수,14,0,1,3,0,1,1,1,1,1,2,1,2
경남,창녕군,부상자수,1880,116,158,125,155,181,147,194,152,159,199,149,145
경남,양산시,발생건수,6868,628,491,598,550,538,535,596,610,519,605,602,596
경남,양산시,사망자수,27,3,2,0,1,2,7,0,5,1,0,2,4
경남,양산시,부상자수,10668,979,760,926,830,862,800,924,971,813,914,950,939
경남,고성군,발생건수,867,83,57,76,64,68,55,74,71,64,84,77,94
경남,고성군,사망자수,21,3,0,3,3,0,0,0,0,6,2,1,3
경남,고성군,부상자수,1341,118,84,118,94,122,77,105,105,116,126,117,159
경남,사천시,발생건수,2291,144,161,162,201,200,208,183,207,213,237,199,176
경남,사천시,사망자수,13,0,1,1,1,1,1,1,2,0,2,3,0
경남,사천시,부상자수,3961,253,269,335,348,344,330,325,356,335,400,364,302
경남,남해군,발생건수,599,37,38,43,49,61,56,53,74,47,46,50,45
경남,남해군,사망자수,6,0,0,0,0,0,0,2,0,1,1,2,0
경남,남해군,부상자수,969,50,55,71,83,106,88,84,140,87,72,71,62
경남,하동군,발생건수,644,29,49,58,69,45,64,48,45,70,64,40,63
경남,하동군,사망자수,10,0,1,3,0,0,1,0,2,1,0,1,1
경남,하동군,부상자수,1094,41,78,103,108,68,98,83,90,126,108,88,103
경남,산청군,발생건수,462,30,19,37,36,50,36,48,52,37,39,48,30
경남,산청군,사망자수,11,1,0,2,1,1,2,1,0,0,2,0,1
경남,산청군,부상자수,720,44,28,45,49,72,56,82,89,82,48,77,48
경남,함양군,발생건수,541,43,44,34,40,53,46,51,49,60,42,39,40
경남,함양군,사망자수,15,0,2,0,0,3,5,0,1,1,1,1,1
경남,함양군,부상자수,934,65,92,60,73,86,76,103,73,129,65,52,60
경남,거창군,발생건수,823,54,58,63,68,73,62,71,70,95,72,67,70
경남,거창군,사망자수,8,0,0,0,2,1,0,2,2,0,0,1,0
경남,거창군,부상자수,1177,71,89,85,97,98,79,98,114,148,100,104,94
경남,합천군,발생건수,540,38,48,29,32,51,42,49,48,63,53,49,38
경남,합천군,사망자수,9,1,1,2,0,1,0,0,1,3,0,0,0
경남,합천군,부상자수,860,48,74,37,47,66,61,76,81,146,73,98,53
경남,창원시(통합),발생건수,20884,1715,1455,1730,1728,1771,1662,1737,1638,1742,1901,1937,1868
경남,창원시(통합),사망자수,64,5,5,4,6,5,4,5,7,3,5,8,7
경남,창원시(통합),부상자수,32832,2567,2193,2653,2706,2881,2615,2683,2595,2850,3064,3069,2956
제주,합계,발생건수,16563,1419,1179,1285,1352,1296,1371,1531,1450,1364,1500,1483,1333
제주,합계,사망자수,82,11,7,5,6,2,4,9,6,2,10,13,7
제주,합계,부상자수,27411,2404,2038,2129,2200,2116,2236,2628,2472,2316,2484,2281,2107
제주,제주시,발생건수,12586,1031,856,992,1039,1001,1064,1169,1110,1043,1165,1137,979
제주,제주시,사망자수,42,8,3,2,5,0,3,4,4,1,4,5,3
제주,제주시,부상자수,20304,1690,1420,1596,1635,1623,1663,1967,1828,1743,1924,1707,1508
제주,서귀포시,발생건수,3977,388,323,293,313,295,307,362,340,321,335,346,354
제주,서귀포시,사망자수,40,3,4,3,1,2,1,5,2,1,6,8,4
제주,서귀포시,부상자수,7107,714,618,533,565,493,573,661,644,573,560,574,599
당사자불명,합계,발생건수,33622,2667,2598,2572,2688,2772,2587,2764,2749,2942,3252,3139,2892
당사자불명,합계,사망자수,0,0,0,0,0,0,0,0,0,0,0,0,0
당사자불명,합계,부상자수,56220,4422,4290,4194,4517,4507,4235,4565,4815,5192,5551,5282,4650
당사자불명,기타/불명,발생건수,33622,2667,2598,2572,2688,2772,2587,2764,2749,2942,3252,3139,2892
당사자불명,기타/불명,사망자수,0,0,0,0,0,0,0,0,0,0,0,0,0
당사자불명,기타/불명,부상자수,56220,4422,4290,4194,4517,4507,4235,4565,4815,5192,5551,5282,4650
출처)도로교통공단.&#10;주) 부상자수는 중상자수，경상자수，부상신고자수의 합계.&#10;,,,,,,,,,,,,,,,
